intern_id,task_completion_rate,avg_turnaround_days,attendance_rate,mentor_feedback_rating,peer_collaboration_score,performance_score
INT-1000,79.58,3.24,65.7,2.06,2.58,47.7
INT-1001,75.14,3.67,42.57,4.67,2.21,55.16
INT-1002,75.8,1.31,88.42,2.62,2.98,60.73
INT-1003,60.13,2.14,77.64,4.17,1.78,60.23
INT-1004,96.02,6.43,77.93,3.6,3.01,65.92
INT-1005,57.1,4.42,80.82,3.3,4.49,57.89
INT-1006,86.07,4.28,74.77,3.96,3.33,69.83
INT-1007,66.41,5.99,56.76,3.85,2.44,52.1
INT-1008,72.57,1.86,70.19,3.15,3.7,59.69
INT-1009,87.87,1.31,74.28,3.11,3.62,67.05
INT-1010,92.58,5.55,47.79,2.54,5.0,57.99
INT-1011,54.81,3.05,82.87,4.04,4.21,60.33
INT-1012,77.27,1.83,69.31,2.8,3.78,62.49
INT-1013,77.18,1.0,37.74,3.8,4.31,52.1
INT-1014,52.11,3.58,76.49,4.27,3.38,61.49
INT-1015,81.61,2.84,71.35,3.97,3.43,65.05
INT-1016,56.43,2.55,57.04,3.22,4.99,48.19
INT-1017,69.55,1.0,63.33,4.53,2.03,58.1
INT-1018,70.33,7.24,51.27,3.47,4.37,42.82
INT-1019,72.04,1.14,62.6,2.73,3.4,53.61
INT-1020,61.85,2.71,48.28,3.57,3.24,50.0
INT-1021,85.06,2.43,69.13,4.27,3.0,71.03
INT-1022,49.88,4.5,65.29,3.26,3.64,48.58
INT-1023,78.76,1.0,51.63,4.5,3.46,64.61
INT-1024,65.96,4.19,91.77,3.18,3.13,55.32
INT-1025,74.0,3.59,62.8,3.29,2.87,52.65
INT-1026,76.52,2.07,94.05,2.96,1.79,60.37
INT-1027,59.98,4.11,65.88,4.35,2.85,52.27
INT-1028,72.13,3.24,88.53,3.76,3.04,62.57
INT-1029,72.47,8.2,87.32,3.02,3.64,53.41
INT-1030,65.37,2.84,90.54,3.48,5.0,64.17
INT-1031,65.84,1.67,82.87,1.34,2.95,50.51
INT-1032,76.94,4.22,69.38,4.42,2.58,61.2
INT-1033,49.92,2.62,86.31,3.66,2.86,54.54
INT-1034,39.67,3.2,90.73,1.88,3.64,41.76
INT-1035,67.13,1.32,73.69,2.63,4.03,58.64
INT-1036,72.8,4.54,73.15,3.46,4.16,58.77
INT-1037,95.1,2.36,58.02,2.75,4.24,58.99
INT-1038,73.23,3.75,89.34,4.43,4.37,67.05
INT-1039,53.91,9.33,36.73,4.13,3.25,38.88
INT-1040,39.19,2.74,71.76,4.09,5.0,50.49
INT-1041,71.17,4.89,59.25,1.72,3.18,41.89
INT-1042,92.63,2.86,79.24,3.38,3.6,67.69
INT-1043,50.87,2.09,69.5,3.24,4.67,56.22
INT-1044,64.47,6.55,60.05,3.04,4.01,53.35
INT-1045,73.89,1.0,71.12,3.47,1.48,60.96
INT-1046,62.77,5.61,70.31,2.9,3.51,52.99
INT-1047,85.5,1.0,84.6,3.97,4.28,75.05
INT-1048,80.88,5.29,81.89,4.41,2.29,61.03
INT-1049,49.64,3.23,91.53,4.34,4.18,63.1
INT-1050,75.8,1.67,66.34,3.69,3.85,62.81
INT-1051,82.68,2.47,76.94,5.0,4.57,74.74
INT-1052,67.71,4.74,80.44,4.71,2.88,58.46
INT-1053,51.99,8.85,58.83,3.72,4.4,44.7
INT-1054,88.66,1.01,94.21,3.41,3.64,73.65
INT-1055,53.38,1.74,77.5,4.87,5.0,65.62
INT-1056,60.27,1.24,87.15,4.61,5.0,69.2
INT-1057,78.55,2.84,77.9,2.67,4.88,62.33
INT-1058,89.07,5.37,34.7,4.67,3.93,59.79
INT-1059,90.82,1.12,90.99,3.68,5.0,76.35
INT-1060,61.61,3.18,66.08,3.11,4.04,49.08
INT-1061,89.14,5.27,92.87,2.22,2.68,55.12
INT-1062,68.38,2.44,76.87,3.58,3.46,61.31
INT-1063,70.79,3.61,90.08,3.79,4.19,64.08
INT-1064,64.53,6.28,98.13,5.0,4.24,60.99
INT-1065,87.92,1.53,68.03,4.57,2.49,69.05
INT-1066,38.04,1.0,75.36,3.33,2.52,48.74
INT-1067,59.87,3.87,79.1,4.11,3.19,56.26
INT-1068,89.17,3.93,77.79,4.46,3.98,71.31
INT-1069,78.48,2.34,55.37,3.87,4.1,65.42
INT-1070,94.94,2.05,80.78,3.33,3.63,74.78
INT-1071,85.83,3.27,76.91,3.37,2.75,63.79
INT-1072,64.76,1.51,80.28,4.11,5.0,66.65
INT-1073,85.79,1.51,92.18,4.13,2.54,72.87
INT-1074,86.9,4.72,74.15,3.57,4.67,66.4
INT-1075,52.9,1.44,63.59,1.7,4.16,46.6
INT-1076,65.11,1.0,98.93,2.77,4.65,66.92
INT-1077,58.84,2.05,43.4,4.3,3.1,47.04
INT-1078,90.8,2.37,88.62,2.1,3.37,65.74
INT-1079,95.63,4.19,78.33,4.75,3.55,74.28
INT-1080,95.35,2.17,91.19,4.63,3.07,76.11
INT-1081,54.95,6.87,90.05,3.83,3.7,53.88
INT-1082,79.84,3.37,59.99,4.28,4.92,61.51
INT-1083,94.49,1.86,82.04,4.22,2.33,68.59
INT-1084,63.05,4.09,67.79,3.71,2.91,54.15
INT-1085,84.33,6.81,46.67,2.7,2.81,45.21
INT-1086,53.71,4.65,58.78,4.57,3.42,46.31
INT-1087,76.68,1.07,80.02,4.93,3.38,68.37
INT-1088,74.79,2.51,87.78,2.83,4.2,61.19
INT-1089,71.72,3.72,82.66,2.67,3.53,60.26
INT-1090,80.75,4.54,64.2,3.69,3.77,60.34
INT-1091,69.37,2.85,55.5,3.3,3.86,52.17
INT-1092,82.69,2.61,60.39,3.92,3.72,61.46
INT-1093,78.22,8.16,86.13,4.77,4.13,67.93
INT-1094,33.82,4.69,95.59,2.0,3.39,46.3
INT-1095,72.41,4.1,92.22,5.0,4.98,68.86
INT-1096,85.99,2.23,88.37,3.47,5.0,76.24
INT-1097,82.72,1.49,76.98,4.21,4.14,70.83
INT-1098,84.38,4.14,97.09,4.29,3.71,74.58
INT-1099,82.66,4.98,52.27,4.39,4.06,59.71
INT-1100,65.22,3.19,82.4,3.85,2.51,62.62
INT-1101,83.56,4.7,87.87,4.04,3.66,64.16
INT-1102,70.0,4.77,53.44,4.03,2.84,51.75
INT-1103,82.19,5.17,76.01,3.3,3.96,64.76
INT-1104,77.79,1.05,72.72,2.39,2.85,51.92
INT-1105,86.95,2.55,73.24,2.82,3.19,62.46
INT-1106,66.44,4.28,58.0,3.72,1.82,48.64
INT-1107,75.43,3.3,94.12,3.17,2.44,64.61
INT-1108,66.33,4.77,73.67,3.17,3.82,58.01
INT-1109,92.78,4.1,64.47,5.0,2.72,70.07
INT-1110,93.12,1.0,69.08,4.49,4.46,75.95
INT-1111,56.86,5.87,75.99,3.6,2.64,49.9
INT-1112,49.97,2.35,86.76,4.34,3.91,59.79
INT-1113,55.56,1.79,86.87,3.46,2.81,58.59
INT-1114,30.67,5.76,89.32,3.89,3.85,52.06
INT-1115,87.2,4.57,97.2,4.15,2.12,66.33
INT-1116,31.2,6.21,84.47,3.47,3.09,41.56
INT-1117,53.6,3.74,94.61,3.25,2.74,55.06
INT-1118,73.02,2.53,71.34,4.78,4.29,70.31
INT-1119,59.06,3.49,73.47,4.29,3.92,59.47
INT-1120,67.05,1.58,75.78,2.0,2.39,55.77
INT-1121,34.61,1.21,85.22,3.27,3.32,54.4
INT-1122,82.99,2.12,61.56,3.17,2.8,61.35
INT-1123,67.62,7.24,87.23,3.3,4.36,53.34
INT-1124,60.03,2.26,70.08,4.49,4.64,67.37
INT-1125,96.44,1.0,72.55,3.82,2.2,74.3
INT-1126,59.68,2.9,67.4,2.69,4.24,52.81
INT-1127,95.36,2.24,66.49,3.49,2.76,61.99
INT-1128,53.94,5.93,71.81,4.23,3.27,46.74
INT-1129,48.67,6.96,79.68,3.62,3.53,48.83
INT-1130,88.38,2.46,38.1,3.28,5.0,57.8
INT-1131,58.4,3.74,77.38,4.06,2.6,50.48
INT-1132,81.16,3.92,90.87,5.0,4.25,69.01
INT-1133,87.13,3.11,66.68,4.17,2.45,62.67
INT-1134,85.78,2.77,90.77,4.84,2.38,73.27
INT-1135,62.84,1.71,83.7,3.34,3.53,64.98
INT-1136,76.01,1.0,91.27,3.79,3.52,71.59
INT-1137,77.84,1.7,62.92,3.78,1.0,56.38
INT-1138,33.71,3.04,77.36,3.89,4.54,52.39
INT-1139,74.14,1.12,49.94,4.15,1.57,57.39
INT-1140,86.05,3.62,67.31,3.06,3.37,62.73
INT-1141,88.39,3.34,88.87,4.32,4.69,74.69
INT-1142,84.51,2.24,49.91,2.5,5.0,61.79
INT-1143,75.18,2.7,79.5,2.73,3.17,61.89
INT-1144,86.05,1.27,57.03,5.0,2.21,67.14
INT-1145,65.87,5.12,47.82,3.39,4.66,49.87
INT-1146,94.13,5.07,87.58,4.38,4.28,76.09
INT-1147,86.19,1.44,82.21,5.0,3.06,72.55
INT-1148,68.09,1.47,50.6,1.95,2.95,43.45
INT-1149,69.19,1.72,56.49,4.7,2.85,55.74
INT-1150,74.28,4.41,80.6,4.32,3.19,60.81
INT-1151,78.32,3.91,86.68,5.0,3.78,72.76
INT-1152,87.23,5.72,60.56,2.85,2.99,53.22
INT-1153,94.87,6.08,85.79,4.96,3.1,72.2
INT-1154,64.43,1.04,81.62,3.21,4.08,60.9
INT-1155,66.68,4.32,72.99,4.64,2.17,56.55
INT-1156,58.87,5.95,89.79,3.77,3.16,52.46
INT-1157,59.03,2.59,61.05,4.42,1.99,53.42
INT-1158,77.13,3.15,71.44,3.84,3.6,62.15
INT-1159,65.92,2.87,68.26,2.33,1.75,49.89
INT-1160,66.15,2.95,76.06,1.3,4.3,52.42
INT-1161,66.95,5.11,70.04,3.97,2.32,53.2
INT-1162,63.22,8.0,53.38,3.59,1.9,37.12
INT-1163,55.47,6.74,79.12,4.12,3.17,55.11
INT-1164,95.75,2.31,95.28,3.6,5.0,78.0
INT-1165,62.44,3.74,80.58,5.0,4.14,64.9
INT-1166,75.73,1.9,82.65,3.98,1.77,68.6
INT-1167,77.21,2.03,77.76,3.44,2.29,64.5
INT-1168,74.33,3.07,92.73,4.07,3.14,68.5
INT-1169,90.97,1.99,93.9,3.46,5.0,76.15
INT-1170,63.48,2.19,76.6,3.87,2.65,58.85
INT-1171,52.2,3.69,74.24,2.83,2.66,48.64
INT-1172,73.11,4.28,80.1,3.79,4.87,65.33
INT-1173,50.07,4.22,57.16,3.42,3.68,51.65
INT-1174,56.58,4.24,61.17,2.9,4.45,56.66
INT-1175,97.43,1.34,89.7,5.0,2.85,81.08
INT-1176,80.9,1.93,80.47,2.93,3.41,57.63
INT-1177,59.24,3.27,65.81,3.81,4.68,54.01
INT-1178,88.42,5.8,75.24,3.16,3.37,65.87
INT-1179,55.15,10.43,56.21,4.04,4.51,45.04
INT-1180,84.13,3.83,74.67,2.78,3.85,62.46
INT-1181,71.67,4.83,59.0,4.47,2.56,55.1
INT-1182,83.52,1.23,77.79,5.0,3.49,70.24
INT-1183,84.99,4.76,74.71,3.13,4.38,67.6
INT-1184,79.58,8.91,89.05,4.77,4.1,61.58
INT-1185,63.85,1.92,89.03,3.49,3.46,64.82
INT-1186,56.96,2.24,91.36,5.0,1.8,59.11
INT-1187,73.43,5.2,68.77,5.0,1.88,58.22
INT-1188,34.84,3.25,85.17,3.61,2.08,50.19
INT-1189,71.24,1.0,79.96,2.58,3.04,59.09
INT-1190,72.86,2.33,77.97,4.56,3.16,64.95
INT-1191,72.54,6.94,62.14,3.98,2.17,50.8
INT-1192,69.4,2.68,72.36,4.2,4.42,59.99
INT-1193,77.34,2.68,85.08,3.53,2.36,58.58
INT-1194,49.92,5.01,97.9,3.09,2.27,53.47
INT-1195,74.16,3.91,75.53,4.73,3.58,63.77
INT-1196,70.93,2.59,89.67,4.06,4.38,70.45
INT-1197,80.85,2.14,81.53,2.65,5.0,69.4
INT-1198,75.85,13.16,82.03,4.35,4.02,56.36
INT-1199,74.95,6.31,66.84,4.19,4.92,55.21
INT-1200,65.48,4.24,66.55,3.54,2.41,50.08
INT-1201,69.45,4.4,75.15,5.0,5.0,68.11
INT-1202,95.35,2.96,78.58,3.31,1.82,67.11
INT-1203,97.37,3.89,61.7,3.66,3.05,71.17
INT-1204,89.86,2.77,66.55,4.41,4.0,66.88
INT-1205,75.43,1.8,97.44,3.86,2.06,71.11
INT-1206,70.45,3.98,93.14,2.69,2.67,59.2
INT-1207,49.52,2.62,43.06,3.95,2.52,40.08
INT-1208,80.11,4.1,54.43,3.47,3.22,54.18
INT-1209,62.19,4.54,61.09,4.49,4.78,58.52
INT-1210,45.8,4.22,82.89,3.92,3.52,48.02
INT-1211,74.05,1.71,70.8,3.88,3.08,56.51
INT-1212,96.73,2.45,58.14,2.96,1.0,53.28
INT-1213,49.84,2.66,63.57,3.62,3.92,52.43
INT-1214,76.65,5.52,65.21,4.58,4.21,60.13
INT-1215,76.25,5.36,84.24,3.18,1.97,54.51
INT-1216,75.43,2.0,74.4,3.77,3.44,62.22
INT-1217,83.16,1.31,44.29,3.05,3.67,53.49
INT-1218,57.59,10.7,74.74,2.85,4.37,41.57
INT-1219,67.09,4.13,77.99,3.73,2.85,51.95
INT-1220,77.74,1.19,99.06,3.94,2.71,74.94
INT-1221,57.7,2.22,83.34,5.0,3.09,68.96
INT-1222,56.35,5.65,68.29,3.44,4.66,44.4
INT-1223,73.56,9.29,87.35,3.76,4.44,56.17
INT-1224,67.14,8.44,70.88,2.8,3.48,45.5
INT-1225,71.49,4.03,77.97,4.29,4.42,63.95
INT-1226,89.15,3.21,81.06,4.12,1.37,68.87
INT-1227,81.94,1.6,78.83,4.99,4.21,72.98
INT-1228,66.35,3.37,78.76,4.69,2.49,61.33
INT-1229,75.73,1.75,48.88,4.08,5.0,71.37
INT-1230,51.01,2.47,64.81,3.42,2.54,48.81
INT-1231,40.89,5.19,79.97,3.96,2.73,53.13
INT-1232,71.49,2.76,50.31,3.71,4.01,57.82
INT-1233,79.45,2.65,35.76,4.56,4.09,57.55
INT-1234,87.17,3.1,62.87,4.46,3.1,63.45
INT-1235,87.94,11.57,90.53,3.56,3.83,57.95
INT-1236,87.88,1.48,71.87,2.63,3.95,61.54
INT-1237,85.77,3.78,58.09,4.87,3.85,63.45
INT-1238,66.34,8.03,91.95,4.27,3.14,56.22
INT-1239,61.22,3.1,49.49,3.54,3.95,52.12
INT-1240,65.62,6.25,85.96,4.23,4.77,67.03
INT-1241,67.84,1.25,72.47,3.86,2.4,58.77
INT-1242,76.16,2.82,45.62,4.85,2.74,60.12
INT-1243,47.9,1.87,77.85,2.26,3.52,44.61
INT-1244,89.11,3.08,69.29,3.48,2.55,66.1
INT-1245,57.65,3.12,71.83,5.0,1.88,52.05
INT-1246,62.93,3.32,79.51,4.25,4.48,65.29
INT-1247,74.04,5.17,75.35,5.0,1.49,59.75
INT-1248,71.31,1.0,85.31,2.82,3.14,61.99
INT-1249,83.74,2.15,71.46,4.66,4.18,70.04
INT-1250,46.81,3.63,96.57,4.61,3.74,57.09
INT-1251,64.83,1.0,69.35,2.45,3.15,50.9
INT-1252,92.13,4.57,87.02,3.56,2.51,68.93
INT-1253,53.99,2.13,86.2,3.71,3.81,59.77
INT-1254,63.09,2.85,70.66,2.5,2.61,49.78
INT-1255,73.46,5.3,61.7,3.58,3.74,56.32
INT-1256,75.86,6.4,90.21,4.5,3.63,65.05
INT-1257,69.84,4.65,86.69,3.49,3.64,57.98
INT-1258,82.01,1.45,72.93,3.99,2.92,73.97
INT-1259,74.67,4.52,89.85,4.0,5.0,70.03
INT-1260,49.58,4.7,85.34,3.79,3.82,54.83
INT-1261,52.94,4.18,67.9,3.24,3.25,47.13
INT-1262,76.09,6.98,74.89,4.33,3.74,62.52
INT-1263,66.12,3.37,76.64,2.53,2.8,50.62
INT-1264,84.41,6.84,60.21,3.81,3.15,53.26
INT-1265,61.78,6.81,77.55,4.91,5.0,65.51
INT-1266,84.94,4.77,91.02,3.44,2.81,64.81
INT-1267,76.66,3.82,85.8,3.22,3.43,60.0
INT-1268,92.72,4.2,99.56,4.38,3.09,74.77
INT-1269,71.97,7.82,82.68,3.93,2.56,57.53
INT-1270,82.83,5.79,97.08,4.4,3.88,71.78
INT-1271,65.81,1.57,69.82,3.83,3.53,63.44
INT-1272,36.25,4.04,91.02,1.89,4.32,41.82
INT-1273,70.05,1.81,96.22,4.74,4.23,76.14
INT-1274,60.54,2.08,60.46,5.0,4.31,61.26
INT-1275,64.91,2.53,83.38,4.83,2.67,64.69
INT-1276,39.02,1.16,39.61,1.0,4.08,37.6
INT-1277,84.14,1.73,82.81,4.16,4.1,74.5
INT-1278,94.39,7.2,86.3,3.43,2.58,63.74
INT-1279,97.73,2.08,61.48,2.93,3.21,58.67
INT-1280,74.27,5.18,63.57,3.9,2.19,53.95
INT-1281,64.15,3.55,75.68,3.68,4.1,56.62
INT-1282,89.03,4.41,84.58,4.21,4.1,72.85
INT-1283,71.19,4.52,57.16,3.85,4.79,60.36
INT-1284,81.67,1.68,70.71,2.9,3.29,61.04
INT-1285,67.96,5.17,58.54,3.34,3.91,49.84
INT-1286,58.4,1.34,96.12,3.21,4.39,68.74
INT-1287,72.59,2.02,77.45,2.43,2.82,55.28
INT-1288,83.28,4.48,64.27,2.7,2.68,51.09
INT-1289,72.36,1.6,87.91,3.63,2.85,62.62
INT-1290,80.78,1.0,71.72,4.94,3.19,69.16
INT-1291,83.09,3.94,92.32,3.37,2.72,62.59
INT-1292,75.25,1.01,57.96,3.19,2.89,60.41
INT-1293,85.11,4.72,79.93,2.85,4.29,56.1
INT-1294,80.51,2.64,85.07,3.82,3.41,64.96
INT-1295,72.22,3.9,88.48,4.74,3.78,67.93
INT-1296,93.08,3.86,81.49,5.0,3.0,73.8
INT-1297,44.38,4.92,67.22,4.03,2.95,52.03
INT-1298,60.2,4.56,81.78,3.91,3.76,62.48
INT-1299,82.08,1.59,56.4,3.37,3.61,56.32
INT-1300,94.71,2.75,77.46,3.5,4.2,65.07
INT-1301,67.5,3.9,74.91,4.3,4.67,63.14
INT-1302,74.17,6.9,58.65,3.55,2.88,48.19
INT-1303,55.58,4.58,96.17,3.67,4.28,56.28
INT-1304,84.05,6.57,46.63,3.78,2.53,51.44
INT-1305,84.31,4.02,84.07,3.33,5.0,68.5
INT-1306,82.64,5.85,93.76,3.74,2.79,61.62
INT-1307,76.56,3.71,72.03,2.18,4.12,54.34
INT-1308,87.1,5.72,74.73,4.24,2.52,60.31
INT-1309,75.17,2.56,78.41,5.0,3.36,67.56
INT-1310,75.46,7.35,89.34,3.36,4.89,62.57
INT-1311,76.06,4.28,95.39,4.1,2.76,62.73
INT-1312,76.75,1.17,57.43,4.48,5.0,65.47
INT-1313,62.07,3.98,98.7,4.82,3.5,65.52
INT-1314,58.78,4.59,86.52,3.59,4.38,58.41
INT-1315,47.3,5.27,85.92,2.36,3.86,48.12
INT-1316,55.22,8.76,71.87,4.01,3.91,54.16
INT-1317,73.73,2.31,77.19,3.9,2.22,63.4
INT-1318,76.82,8.79,85.63,3.52,3.07,57.14
INT-1319,45.08,3.21,51.27,3.69,4.58,46.91
INT-1320,56.21,1.95,77.56,3.91,3.19,55.23
INT-1321,61.74,2.34,85.09,4.09,3.62,61.39
INT-1322,62.15,4.43,76.27,4.06,2.11,52.47
INT-1323,53.32,1.77,92.61,3.63,3.02,60.88
INT-1324,60.57,2.59,43.44,4.11,4.51,48.67
INT-1325,65.46,3.92,97.4,3.57,2.35,62.14
INT-1326,85.12,7.31,74.16,4.31,4.15,62.55
INT-1327,50.06,5.18,89.14,3.3,3.66,54.75
INT-1328,75.96,3.29,94.96,3.86,3.29,65.23
INT-1329,32.83,4.42,61.92,2.5,3.25,34.13
INT-1330,68.7,3.7,67.1,3.5,3.06,54.19
INT-1331,90.1,1.43,72.35,4.25,3.14,69.47
INT-1332,31.74,8.02,71.73,2.97,4.34,40.0
INT-1333,67.77,7.38,60.8,3.54,3.11,50.64
INT-1334,85.89,3.06,81.0,1.88,5.0,68.95
INT-1335,85.58,2.39,81.73,2.71,3.77,63.67
INT-1336,45.79,1.46,50.39,2.91,2.98,34.02
INT-1337,74.55,4.58,62.59,3.88,4.38,57.92
INT-1338,69.92,4.6,88.43,4.07,4.06,64.76
INT-1339,50.38,1.87,77.8,3.76,2.01,55.47
INT-1340,55.63,3.72,62.19,3.49,2.57,49.46
INT-1341,66.64,5.09,76.6,3.5,3.4,54.13
INT-1342,77.71,2.29,61.97,4.37,2.07,66.04
INT-1343,72.74,2.83,61.33,3.97,5.0,59.33
INT-1344,51.3,2.81,94.27,3.53,4.24,59.09
INT-1345,33.03,1.95,86.76,4.83,3.49,53.41
INT-1346,73.2,2.87,90.36,5.0,3.19,70.35
INT-1347,76.24,1.02,61.87,2.8,2.96,62.52
INT-1348,88.79,2.72,82.17,4.22,1.73,67.45
INT-1349,39.5,2.75,68.23,5.0,1.94,50.23
INT-1350,55.7,3.08,70.83,4.02,5.0,53.59
INT-1351,84.01,4.23,70.32,3.89,4.92,65.17
INT-1352,84.69,1.37,84.41,3.76,2.98,73.12
INT-1353,93.57,1.56,71.98,4.19,4.32,73.05
INT-1354,41.34,1.92,63.53,4.4,3.96,52.05
INT-1355,80.38,1.27,77.28,2.8,4.06,68.2
INT-1356,77.19,4.51,69.98,3.78,2.22,56.35
INT-1357,92.2,2.23,84.7,1.98,1.87,65.66
INT-1358,45.94,3.14,64.98,3.63,4.56,47.42
INT-1359,67.51,1.81,57.54,3.08,1.72,53.08
INT-1360,80.79,2.55,75.36,4.07,3.37,71.26
INT-1361,79.69,3.83,96.88,2.47,3.17,65.63
INT-1362,66.34,3.94,66.55,3.39,3.09,48.08
INT-1363,87.05,1.61,76.09,4.57,3.78,71.02
INT-1364,41.59,3.04,62.61,3.26,2.89,43.73
INT-1365,42.89,1.83,84.42,2.28,3.86,53.22
INT-1366,75.86,2.98,91.23,4.01,3.63,64.18
INT-1367,71.33,2.11,91.29,3.33,5.0,64.89
INT-1368,83.18,8.3,93.75,3.65,2.25,54.39
INT-1369,74.07,5.08,85.42,3.22,3.53,57.11
INT-1370,60.9,4.04,76.91,5.0,3.89,58.51
INT-1371,90.68,2.68,74.42,2.55,3.27,67.86
INT-1372,70.72,5.16,76.09,5.0,2.3,58.69
INT-1373,66.18,3.1,80.16,3.49,4.63,63.84
INT-1374,96.08,7.84,71.67,3.95,3.8,63.24
INT-1375,49.44,5.45,88.76,3.34,2.36,49.41
INT-1376,69.34,2.53,58.33,3.31,3.89,54.29
INT-1377,80.01,7.34,58.89,3.17,5.0,56.71
INT-1378,68.23,2.69,86.93,4.28,3.47,66.1
INT-1379,59.22,8.57,93.01,2.67,3.5,49.1
INT-1380,82.56,7.56,80.14,4.09,4.91,62.0
INT-1381,62.98,3.81,79.75,2.05,2.63,48.43
INT-1382,86.36,1.05,32.67,4.02,5.0,64.66
INT-1383,48.86,3.64,72.26,4.48,4.38,57.06
INT-1384,77.16,1.5,75.1,2.78,2.67,60.37
INT-1385,61.75,2.15,87.65,4.34,2.9,61.2
INT-1386,78.92,2.26,89.08,3.84,3.03,73.76
INT-1387,87.0,1.49,91.88,5.0,1.85,73.45
INT-1388,67.69,3.65,82.73,3.12,3.73,58.74
INT-1389,72.95,1.99,86.51,5.0,2.71,69.03
INT-1390,36.97,2.77,55.18,1.89,3.77,43.53
INT-1391,46.65,2.27,64.56,3.54,2.34,47.02
INT-1392,79.26,4.24,66.1,2.44,4.33,55.18
INT-1393,73.02,4.07,54.45,5.0,4.16,61.75
INT-1394,91.65,2.63,88.31,3.59,2.86,68.22
INT-1395,81.57,4.37,79.67,3.66,3.82,64.55
INT-1396,61.47,6.26,46.71,4.15,3.57,54.68
INT-1397,65.9,1.0,75.68,3.8,4.83,66.24
INT-1398,71.46,2.19,56.23,3.32,2.57,55.02
INT-1399,64.05,1.69,86.3,2.79,3.36,57.2
INT-1400,51.79,2.06,50.14,3.93,2.92,54.28
INT-1401,78.5,1.0,83.27,4.1,3.54,76.1
INT-1402,83.04,1.0,70.27,4.36,3.98,73.07
INT-1403,93.27,1.0,66.04,5.0,2.91,75.44
INT-1404,75.91,2.32,74.39,2.06,3.17,55.57
INT-1405,86.91,2.28,93.11,3.75,4.37,75.18
INT-1406,67.7,6.76,53.21,4.75,4.72,52.8
INT-1407,67.43,3.48,62.43,3.7,3.94,53.29
INT-1408,91.18,4.3,84.81,1.93,3.38,56.67
INT-1409,85.34,14.0,80.23,2.77,3.29,47.81
INT-1410,82.31,1.0,44.19,4.06,3.99,58.46
INT-1411,40.07,7.91,76.33,4.03,3.7,43.29
INT-1412,74.61,3.11,77.73,4.34,2.02,62.08
INT-1413,89.14,2.44,71.8,3.18,4.02,69.21
INT-1414,84.23,2.21,89.2,4.01,2.73,68.21
INT-1415,80.63,3.89,72.82,3.04,2.22,60.55
INT-1416,88.61,2.45,90.78,4.01,2.0,72.88
INT-1417,54.44,1.46,70.28,3.84,3.31,53.21
INT-1418,72.06,2.26,59.52,3.14,2.59,57.82
INT-1419,88.75,3.96,86.57,5.0,1.41,68.73
INT-1420,89.16,4.74,81.05,2.44,3.18,58.96
INT-1421,34.93,8.36,81.66,3.69,3.06,40.12
INT-1422,31.89,3.4,87.11,3.13,3.37,47.07
INT-1423,60.3,6.47,73.74,5.0,2.93,54.46
INT-1424,73.94,2.83,90.65,4.28,5.0,68.88
INT-1425,65.19,3.08,65.02,3.28,3.97,53.26
INT-1426,66.25,2.98,74.62,3.58,3.05,58.2
INT-1427,64.61,3.64,77.74,5.0,3.44,63.0
INT-1428,74.78,5.22,81.49,3.04,4.77,62.01
INT-1429,34.07,2.39,43.34,2.39,4.36,37.61
INT-1430,85.53,1.75,96.83,4.03,2.24,72.36
INT-1431,68.77,5.46,77.58,4.05,2.62,58.5
INT-1432,81.44,5.24,72.67,4.33,2.8,65.99
INT-1433,45.23,7.04,47.46,4.34,3.1,45.07
INT-1434,68.86,2.16,80.38,5.0,2.96,70.91
INT-1435,90.57,2.77,38.32,2.43,3.53,56.5
INT-1436,66.77,5.58,63.89,2.84,4.16,56.91
INT-1437,83.59,2.37,65.39,4.33,4.31,69.31
INT-1438,75.3,4.63,66.09,2.92,3.21,54.99
INT-1439,55.4,2.84,86.33,2.63,2.03,58.04
INT-1440,97.92,3.88,78.02,5.0,2.56,64.91
INT-1441,79.61,1.44,66.42,2.5,3.03,57.75
INT-1442,94.32,3.37,53.48,3.52,2.38,63.92
INT-1443,55.34,1.0,56.34,3.75,4.53,58.96
INT-1444,51.08,6.19,86.53,4.85,2.44,62.18
INT-1445,83.81,4.98,83.02,2.3,4.06,60.27
INT-1446,82.37,1.68,68.28,4.13,1.99,62.59
INT-1447,71.59,7.99,97.45,3.09,4.09,56.97
INT-1448,86.14,5.98,81.2,4.3,3.37,66.39
INT-1449,64.47,1.48,73.75,3.07,4.86,65.66
INT-1450,50.63,2.27,66.31,5.0,2.48,60.76
INT-1451,50.81,1.54,87.99,3.08,2.99,55.6
INT-1452,80.34,3.94,71.39,1.83,3.17,54.47
INT-1453,50.87,2.21,84.8,3.17,3.36,53.26
INT-1454,92.0,1.0,80.15,3.59,3.19,69.96
INT-1455,81.36,3.07,86.62,4.67,3.21,73.75
INT-1456,85.96,5.34,56.31,2.79,3.19,58.52
INT-1457,92.23,3.41,66.9,2.81,1.64,56.31
INT-1458,74.14,4.39,62.13,4.57,4.39,62.69
INT-1459,61.39,3.61,45.96,2.7,5.0,47.64
INT-1460,50.21,4.86,87.99,3.66,3.77,57.03
INT-1461,76.86,3.8,67.86,3.67,2.48,56.65
INT-1462,55.97,2.97,74.24,3.97,2.57,48.96
INT-1463,52.7,3.39,74.3,3.2,4.05,55.86
INT-1464,54.43,7.19,88.78,3.06,3.85,49.48
INT-1465,80.02,4.53,52.87,4.07,3.24,56.59
INT-1466,67.56,1.67,61.68,3.08,4.18,58.55
INT-1467,66.97,3.35,70.67,2.71,1.64,51.27
INT-1468,52.7,3.9,83.54,4.78,4.18,62.33
INT-1469,60.58,2.91,86.08,4.19,3.71,57.67
INT-1470,83.1,1.0,67.68,5.0,2.6,71.38
INT-1471,43.76,1.79,98.46,4.43,2.21,53.64
INT-1472,79.65,2.46,65.25,2.79,3.61,61.18
INT-1473,89.16,8.51,59.81,3.88,4.77,61.8
INT-1474,78.96,4.25,95.06,2.99,3.29,59.46
INT-1475,57.41,1.02,86.8,2.48,2.73,56.62
INT-1476,77.34,3.02,89.69,3.44,3.67,69.25
INT-1477,58.04,6.56,61.82,4.59,5.0,52.92
INT-1478,65.84,2.19,93.65,4.02,3.89,69.05
INT-1479,73.56,5.7,69.76,2.69,3.99,45.01
INT-1480,74.01,1.05,71.93,3.41,4.6,68.46
INT-1481,80.53,1.0,75.46,3.69,3.93,68.23
INT-1482,61.84,6.18,53.54,2.45,2.8,40.38
INT-1483,57.37,2.38,95.64,4.37,1.93,64.72
INT-1484,89.39,1.0,84.09,3.62,2.67,75.81
INT-1485,77.25,2.5,51.35,2.69,2.51,53.35
INT-1486,85.74,3.59,59.75,2.64,4.09,63.15
INT-1487,86.28,4.16,46.52,4.68,4.22,58.08
INT-1488,45.79,1.0,68.25,3.5,3.66,54.89
INT-1489,85.99,2.08,86.49,4.75,2.36,71.93
INT-1490,71.03,3.32,62.41,5.0,5.0,63.12
INT-1491,91.26,4.16,77.98,4.62,3.13,64.14
INT-1492,61.4,1.66,53.18,3.37,4.04,55.71
INT-1493,99.22,2.81,81.13,1.8,3.54,67.71
INT-1494,72.23,2.18,43.3,4.05,3.69,60.44
INT-1495,63.7,3.66,86.19,5.0,4.01,69.9
INT-1496,82.14,6.05,96.1,3.77,2.87,62.22
INT-1497,57.86,2.59,84.68,2.21,4.67,59.6
INT-1498,49.02,1.19,75.5,3.26,2.08,55.63
INT-1499,87.16,2.0,51.66,3.65,2.57,59.38
INT-1500,80.45,7.95,93.15,2.92,4.66,60.63
INT-1501,58.92,1.8,95.89,1.75,4.03,54.15
INT-1502,92.3,1.38,69.43,3.72,5.0,76.93
INT-1503,82.21,2.49,55.26,3.17,3.56,54.14
INT-1504,47.93,3.02,77.82,5.0,5.0,63.3
INT-1505,85.5,2.27,84.41,3.88,1.83,65.01
INT-1506,81.37,1.06,81.95,4.18,2.23,65.22
INT-1507,89.75,3.87,91.33,3.7,4.31,66.24
INT-1508,68.58,3.66,54.87,3.87,1.93,50.95
INT-1509,66.5,4.76,70.22,2.48,3.32,46.46
INT-1510,74.48,3.61,95.3,2.97,4.55,65.62
INT-1511,60.71,7.58,62.93,4.67,3.95,57.5
INT-1512,71.29,4.97,66.17,3.97,3.51,57.52
INT-1513,68.62,4.41,54.74,3.48,3.1,57.2
INT-1514,72.49,6.18,86.65,4.19,3.68,58.94
INT-1515,77.32,3.48,72.0,4.2,4.02,60.85
INT-1516,59.01,2.85,37.27,5.0,2.91,48.42
INT-1517,95.1,3.85,93.1,3.93,3.83,73.98
INT-1518,88.37,1.0,69.65,2.95,4.47,75.75
INT-1519,75.66,3.49,77.94,3.71,3.3,57.17
INT-1520,44.52,3.02,77.47,4.29,3.56,56.55
INT-1521,85.98,4.09,66.21,4.6,3.94,64.66
INT-1522,59.79,5.71,92.81,2.51,4.0,52.92
INT-1523,96.31,4.49,91.3,4.0,4.29,70.62
INT-1524,69.28,2.01,71.86,3.08,2.59,59.34
INT-1525,58.26,5.19,76.28,3.35,3.02,50.98
INT-1526,65.9,7.64,75.35,4.48,3.06,57.72
INT-1527,69.58,5.79,77.05,4.4,2.69,58.42
INT-1528,70.97,1.28,74.12,3.26,1.88,52.45
INT-1529,57.87,4.46,71.12,3.67,1.0,51.33
INT-1530,78.03,1.42,81.42,3.37,4.58,62.13
INT-1531,78.41,2.68,87.68,5.0,2.1,63.94
INT-1532,46.77,4.02,79.24,4.02,4.91,53.3
INT-1533,83.29,3.72,94.26,3.13,4.17,65.27
INT-1534,65.73,5.73,69.91,4.86,3.13,61.78
INT-1535,57.69,7.66,89.85,4.89,4.05,58.3
INT-1536,72.04,4.26,76.36,5.0,3.88,69.42
INT-1537,76.22,2.55,75.46,5.0,2.51,65.03
INT-1538,35.59,1.0,87.17,4.37,3.49,58.14
INT-1539,93.56,6.54,87.38,3.52,2.62,65.52
INT-1540,56.77,3.03,92.91,3.64,4.09,63.37
INT-1541,70.87,3.13,84.31,3.57,2.86,59.78
INT-1542,69.06,3.28,87.35,3.48,3.41,60.69
INT-1543,81.59,4.15,86.41,4.79,3.37,68.96
INT-1544,83.28,4.22,95.89,3.8,3.61,64.25
INT-1545,77.24,2.7,85.54,4.58,5.0,72.41
INT-1546,31.53,3.01,81.39,4.34,3.28,49.65
INT-1547,45.74,2.16,67.82,2.92,4.6,52.34
INT-1548,78.82,2.0,71.53,2.43,3.93,60.31
INT-1549,68.98,2.0,61.44,2.81,4.78,61.31
INT-1550,74.2,2.99,77.05,3.46,3.2,61.19
INT-1551,78.7,1.74,46.65,3.91,4.13,58.79
INT-1552,81.93,1.0,90.05,3.28,3.45,69.88
INT-1553,85.09,2.52,69.06,4.36,1.0,64.89
INT-1554,67.79,1.34,72.1,3.38,2.52,52.98
INT-1555,67.77,3.42,44.01,4.01,4.02,51.52
INT-1556,66.73,2.15,87.17,3.89,3.96,63.34
INT-1557,75.01,4.18,83.44,5.0,2.33,66.75
INT-1558,83.44,1.43,77.52,3.02,3.7,67.5
INT-1559,79.41,1.0,77.51,5.0,3.95,73.88
INT-1560,94.77,3.01,86.97,3.32,3.47,63.19
INT-1561,65.82,2.45,30.74,2.73,4.16,41.31
INT-1562,95.45,1.25,73.67,3.63,4.03,71.81
INT-1563,51.79,4.97,89.17,5.0,3.47,58.39
INT-1564,61.84,1.61,52.21,4.52,3.04,56.44
INT-1565,37.51,1.94,54.35,4.28,4.44,48.4
INT-1566,55.32,5.52,84.76,4.44,3.92,62.45
INT-1567,82.24,4.32,61.54,3.18,2.26,48.06
INT-1568,70.57,1.49,82.21,4.06,3.7,67.57
INT-1569,83.6,2.59,58.05,3.8,2.46,62.5
INT-1570,73.59,1.38,79.09,5.0,2.63,70.82
INT-1571,46.5,5.29,67.27,3.71,2.91,48.2
INT-1572,68.05,5.29,80.02,3.5,3.54,59.75
INT-1573,89.56,8.29,59.26,2.87,3.84,51.06
INT-1574,73.97,10.08,85.33,3.91,3.13,50.71
INT-1575,73.15,2.14,56.89,4.03,3.17,53.0
INT-1576,78.35,4.81,75.83,2.84,3.05,55.53
INT-1577,43.02,1.0,66.53,4.16,4.44,53.39
INT-1578,64.91,3.58,91.88,3.99,1.0,61.76
INT-1579,71.53,4.11,81.6,4.61,3.22,63.3
INT-1580,62.01,1.67,69.72,4.77,4.89,62.39
INT-1581,64.5,2.05,96.14,3.88,3.97,63.4
INT-1582,86.98,5.31,62.8,2.97,4.64,65.31
INT-1583,46.42,4.17,78.47,3.14,1.67,45.43
INT-1584,91.29,7.71,62.94,5.0,2.38,58.55
INT-1585,90.86,7.21,60.6,3.93,3.96,60.16
INT-1586,88.02,1.0,50.1,5.0,4.9,77.31
INT-1587,34.54,2.28,97.41,4.2,2.47,53.6
INT-1588,60.81,1.55,76.74,4.4,3.15,64.11
INT-1589,87.51,4.93,62.39,4.55,3.86,68.32
INT-1590,85.96,3.79,77.62,2.82,2.19,53.81
INT-1591,80.62,1.63,75.35,4.05,3.97,66.82
INT-1592,65.56,1.81,93.15,2.81,1.09,60.12
INT-1593,69.71,6.33,49.49,3.57,3.94,47.36
INT-1594,71.08,2.45,68.5,4.31,2.6,62.03
INT-1595,51.68,1.0,70.59,2.98,3.1,50.07
INT-1596,74.38,1.53,87.38,4.25,4.09,69.41
INT-1597,71.62,8.6,43.34,2.6,3.9,39.51
INT-1598,71.11,5.61,82.35,4.71,3.49,64.82
INT-1599,93.33,1.32,95.29,3.27,4.37,76.93
